Name,Website,Tags,Description,Image,Contact
Agas & Tamar,https://agasandtamar.com/,"Jewelry, Artisan, Luxury","Since 1998, a Tel Aviv jewelry institution. Pieces featured in Vogue, Cosmopolitan, and People — with collaborations spanning Sex and the City and a dedicated Donna Karan collection in New York.",https://agasandtamar.com/wp-content/uploads/2023/06/9527-2.jpg,
AKA My Culture,https://aka-online.co.il/,"Sustainable, Streetwear","A curated selection of international eco-conscious labels — DR. DENIM, THINKING MU, BAGGU — alongside the in-house brand IN BLOOM, crafting casual Israeli fashion with an environmental conscience.",https://aka-online.co.il/wp-content/uploads/2026/04/Untitled-design-37.png,
Alef Alef,https://www.alefalef.co.il/,"Artisan, Minimalist","Contemporary Israeli womenswear with a focus on quality, considered design, and the enduring appeal of the everyday.",https://www.alefalef.co.il/wp-content/uploads/2026/03/8_wo_1400_1814.jpg,
Alembika,https://alembika.co.il/,"Artisan, Minimalist",Fluid silhouettes and considered Israeli design for women who move through the world with ease and intention.,https://alembika.co.il/cdn/shop/files/TOP_RT357T_PANTS_RP351M_12.jpg?v=1773061538,
Aluma,https://alumafashion.com/,"Knitwear, Artisan, Sustainable","Former London Fashion Week designer specialising in handmade knitwear. Collections have sold at Selfridges, Harrods, and Neiman Marcus — slow fashion at its most considered.",https://alumafashion.com/cdn/shop/files/Flower_power_cover_new_05893f2b-bc51-4e4d-a47a-08e178d348ad.png?v=1770219704&width=1200,
Anat Friedman,https://anatfriedman.com/,"Artisan, Minimalist","Precise, quietly elegant Israeli womenswear. Anat Friedman's designs speak in restraint — each piece a study in deliberate simplicity.",https://anatfriedman.com/cdn/shop/files/anatf_2524538.jpg?v=1759238472,
Anjaly,https://anjaly.com/,"Activewear, Minimalist","Effortless unisex loungewear and activewear for women and men — from yoga mat to street, comfort without compromise.",https://anjaly.shop/cdn/shop/files/1184_1_be035c1c-985d-459e-83f8-44b2a92ff465.jpg?v=1700116722&width=4002,
Artwear,https://artwear.co.il/,"Prints, Artisan","Wearable art through bold, original prints. Each Artwear piece turns the body into a canvas — vivid, unapologetic Israeli design.",https://artwear.co.il/cdn/shop/files/9cff8e210719c9f029748e2ced34082b.png?v=1775505899&width=1200,
Assaf Peleg,https://www.assafpelleg.com/,"Luxury, Artisan","Designing for the elegant, multi-faceted woman — garments born from emotion and a deep belief in personal style. Assaf Peleg sees the woman before he sees the fabric.",https://www.assafpelleg.com/wp-content/uploads/2026/03/Untitled-577-x-1024-px-722-x-1024-px-1000-x-1500-px-30.png,
Atawear,https://atawear.co.il/,"Heritage, Streetwear","A revival of Israel's iconic ATA textile brand, first founded in 1935. The original 'Made in Israel' spirit — workwear heritage reimagined for contemporary street culture.",https://atawear.co.il/cdn/shop/files/C186113C-4B82-46C9-A115-27D1C508644F_dfcac7bd-aece-4a00-88ff-9a23ebe507dd.jpg?v=1774117526&width=5000,
Aviva Zilberman,https://avivazilberman.com/,"Luxury, Artisan","A high-end ready-to-wear house founded 2008. Designing for the elegance every woman possesses — a dialogue between masculine precision and feminine sensuality, laid on the body with extreme care.",https://avivazilberman.com/cdn/shop/products/The-Scent-Kit-Trial-N3-Hover-Aviva-Zilberman-Personal-Goods_600x.jpg?v=1551284983,
Belle and Sue,https://www.belleandsue.co.il/,"Sustainable, Streetwear","Israel's pioneering online fashion boutique since 2010 — curating international labels, championing local designers, and launching their own FEZ brand of considered everyday essentials.",https://www.belleandsue.co.il/cdn/shop/files/1155UntitledCapture1459.jpg?v=1761640245,
Biliblond,https://biliblond.com/,Swimwear,Israeli swimwear and beachwear with a playful spirit — designed for the Mediterranean lifestyle.,https://biliblond.com/cdn/shop/files/biliblond_stores.jpg?v=1741343201&width=600,
Bracha Baron,https://www.baroncollection.com/,"Artisan, Luxury",Contemporary Israeli womenswear with a refined aesthetic — each collection a careful conversation between structure and ease.,https://www.baroncollection.com/cdn/shop/files/4H4A1366_99c522a8-c12f-4679-a359-a7da148c7d29.jpg?v=1750246523&width=750,
Ciporkin by Dalit,https://www.ciporkin.com/,"Artisan, Minimalist, Prints","Bauhaus Tel Aviv meets Japanese aesthetics. Geometric, architectural cuts in flowing fabrics — asymmetric, monochromatic, textured. Limited seasonal editions designed by Dalit Ciporkin.",https://www.ciporkin.com/cdn/shop/files/Ciporkin_34_of_54_9ab89df1-eced-4ed4-8dd2-8cdf94510652.jpg?v=1773578257&width=1680,
Co.Co,https://collectivecollection.co.il/,Artisan,Collective Collection — a collaborative Israeli womenswear label where strong individual voices become a unified design statement.,https://collectivecollection.co.il/wp-content/uploads/2025/10/VICTORIAS26-1267766-02-CO.CO-172-349242.jpg,
Comme il Faut,https://www.comme-il-faut.com/,"Artisan, Minimalist, Prints","Original, artistic Israeli womenswear — monochromatic palettes, unexpected textures, and asymmetric construction. Comme il Faut dresses the woman who refuses the obvious.",https://comme-il-faut.com/cdn/shop/files/c_il_faut_1849_7016b057-877c-4c12-8259-b131e6480d1a.jpg?v=1773844239&width=600,
Cotton,https://cottonet.co.il/,"Sustainable, Casual","Three decades of Israeli womenswear built on natural fabrics, local production, and unwavering quality. Cotton is a synonym for fashion that respects both the woman and the planet.",https://cdn.cottonet.co.il/newsite/2026/02/365276f8-cotton6644-copy-1067x1601.jpg,
Dana Ashkenazy,https://www.danaashkenazi.com/,"Artisan, Minimalist","Easy, considered Israeli womenswear for the modern everyday — designed with an eye for proportion and a commitment to quiet confidence.",https://www.danaashkenazi.com/cdn/shop/files/FCE62873-9D9C-4823-8E61-E8D80AD799E1.png?v=1775326726&width=735,
Dalit Peer,https://dalitpeer.com/,"Artisan, Minimalist","Israeli womenswear by designer Dalit Peer — soft, considered silhouettes with a quiet, contemporary hand.",https://dalitpeer.com/cdn/shop/files/992_09a1ba2a-afa2-4194-ae4a-73f989e9337b.jpg?v=1777738688&width=720,
Dikla Levsky,https://diklalevsky.com/,"Artisan, Luxury, Prints","Printed silk scarves and high-end accessories with a painterly, editorial sensibility. Dikla Levsky makes accessories that define an entire look.",https://diklalevsky.com/cdn/shop/files/Dikla_Levsky_Printed_Plisse_Silk_Scarf_2.jpg?crop=center&height=720&v=1701244069&width=480,
Dorin Frankfurt,https://www.dorinfrankfurt.com/he,"Artisan, Minimalist",One of Israel's most recognised fashion names — Dorin Frankfurt's work blends European sophistication with a distinctly Israeli sensibility.,https://www.dorinfrankfurt.com/media/wysiwyg/SEV-55.jpg,
Dostix,https://dostix.com/,"Streetwear, Heritage","Blending modern urban life with practical, dynamic design. The Dostix brand has established international selling points across Europe, Japan, and the USA.",https://dostix.com/cdn/shop/products/IMG_20161026_152044_2048x2048.jpg?v=1623568068,
Flo by Ella Braitman,https://flobyella.com/,"Artisan, Luxury","High-quality women's fashion in limited series, with fine European fabrics. Ella Braitman trained at Moscow's Theatre Design College before studying at Shenkar — and every garment carries that depth of craft.",https://flobyella.com/cdn/shop/files/flo_18_2_26237338.jpg?v=1771836666&width=1920,
Forest,https://www.forest-tlv.com/,"Streetwear, Prints, Sustainable","Tel Aviv's green lung of fashion — drawing from forests, oceans, and outdoor culture. Original prints and considered silhouettes, produced in small editions by local manufacturers in Tel Aviv.","https://static.wixstatic.com/media/4edae6_9a97b4b5b2264a70b5dee46d0dcb3b68~mv2.jpg/v1/fill/w_498,h_748,al_c,q_85,usm_0.66_1.00_0.01,enc_avif,quality_auto/4edae6_9a97b4b5b2264a70b5dee46d0dcb3b68~mv2.jpg",
Frett,https://frett.life/,"Knitwear, Sustainable, Minimalist","A designer knitwear studio: timeless design, fine natural fibres, responsible production in limited quantities. Minimalistic, effortless pieces ethically crafted in Europe.",https://frett.life/cdn/shop/files/frett16.132623-crop.jpg?v=1765380986&width=1200,
Gala,https://www.galalabel.com/,"Artisan, Minimalist","Israeli womenswear label with a refined, contemporary point of view — considered silhouettes and quietly confident essentials.","https://static.wixstatic.com/media/4ff179_943fb2098cab4c02a9e3889daec6dfe0~mv2.jpg/v1/fill/w_441,h_665,al_c,q_80,usm_0.66_1.00_0.01,enc_avif,quality_auto/4ff179_943fb2098cab4c02a9e3889daec6dfe0~mv2.jpg",
Galler,https://gallerdesign.com/,"Prints, Artisan","Women's fashion with bold patterns, optimistic prints, and playful asymmetry. Galler brings colour and joy to the Israeli fashion scene.",https://gallerdesign.com/cdn/shop/products/LW_GALLER_LOOK93_1864@2x.jpg?v=1678270351,
Gertrud,https://gertrudshop.com/,"Artisan, Prints","Classy, comfortable Israeli womenswear. day to evening, casual and chic",https://gertrudshop.com/cdn/shop/files/9_mobile_561x824.png?v=1774940996,
Gon Surfing,https://houseofgon.com/,"Surf, Streetwear",Tel Aviv surf culture meets street fashion. Oversized silhouettes for women and men who live between the ocean and the city.,https://houseofgon.com/cdn/shop/files/drill-bermuda-shorts-green-1160258.jpg?v=1774514232&width=800,
Hagit Tassa,https://hagitassa.com/,"Artisan, Minimalist","Contemporary Israeli womenswear focused on denim and versatile day-to-night dressing — clean lines, confident construction.",https://hagitassa.com/cdn/shop/files/1031-hagitassa-26-03-26.jpg?v=1774601613&width=1800,
Heroic,https://heroic-online.com/,"Artisan, Minimalist","Womenswear built around the perfect pair of pants — comfortable, flattering fits that carry you from morning to night without compromise.",https://heroic-online.com/cdn/shop/files/0471-heroic-24-03-26.jpg?v=1774726628&width=800,
Hila Feinberg,https://hilafeinberg.com/,"Minimalist, Artisan","Minimalist, oversize Israeli womenswear for those who dress with intention. Hila Feinberg creates space for the woman inside the garment.",https://hilafeinberg.com/cdn/shop/files/forwebsite-267_1899x.jpg?v=1734866867,
Holyland Civilians,https://holylandcivilians.com/,"Streetwear, Activewear","Edgy Mediterranean streetwear and activewear with a clubwear edge — designed for all genders, for the track, the rave, and everywhere between. Body-con, all-black, and unapologetically bold.",https://holylandcivilians.com/cdn/shop/files/IMG_6185-color.jpg?v=1769723876&width=480,
CALA,https://cala.co.il/,Artisan,"Tel Aviv boutique chain founded 2002 — fashion that listens. A personal, intuitive approach to style selection, celebrating individuality at every size, every age, every occasion. Known for its strong vintage and seasonal collections.",https://cala.co.il/cdn/shop/files/RefaelMizrahifashionphotography_1108_dee8b78f-3b73-4e27-a046-f4bd841884ba.jpg?v=1753288930&width=1400,
JOR-D,https://jor-d.com/,"Streetwear, Artisan","Every garment is a canvas, every design a message. Tel Aviv-based statement fashion with a collaborative spirit — from studio appointments on Remez Street to drops with Blundstone and beyond. Wear the story.",https://jor-d.com/wp-content/uploads/2026/01/MICHALl-911-1.jpg,
Itay Brands,https://itaybrands.co.il/,"Minimalist, Menswear","It's all about the basics. A beloved Israeli chain offering sharp, affordable everyday wear for women and men — clean cuts, great fits, and the kind of wardrobe staples you reach for every day. (by Claude)",https://itaybrands.co.il/cdn/shop/files/868b1d6cd000aa1901415efa6dab312b.jpg?crop=center&height=1018&v=1763904574&width=1410,
NewG Lingerie,https://newglingerie.com/,"Lingerie, Activewear","Founded by Alex, NewG exists to solve the lingerie problem for larger cup sizes who want pretty, comfortable and supportive bras. Wire-free bras in every size and style, from everyday to nursing to sport, designed with real bodies in mind.",https://newglingerie.com/cdn/shop/files/2-modells-withsupport-tank-top-large-breasts-built-in-bra-front-view-black-brown.webp?v=1773519588,
Maya Bash,https://www.mayabash.com/,"Artisan, Minimalist","Established fashion designer with over 20 years of experience. Maya Bash combines minimalist, gender-neutral aesthetics with precise tailoring, conceptual innovation, and socially conscious values - multidisciplinary, sustainable, and deeply collaborative.",https://www.mayabash.com/f-users/user_106647/website_205343/images/img_6854.jpg,
On'nanoko,https://www.onnanoko.co.il/,"Artisan, Minimalist, Menswear","Seasonal Israeli fashion from Kibbutz Ma'agan Michael — collections like ECLIPSE and PULSE that push a refined, considered aesthetic for women and a growing menswear line. Quietly one of Israel's most distinctive voices.",https://www.onnanoko.co.il/cdn/shop/files/227308BOXITOP227486MERGEPANTS_16.jpg?v=1771416183&width=960,
OM-ME,https://www.ommetlv.com/,"Activewear, Sustainable, Minimalist","Tel Aviv activewear and basics for the in-between moments. OM-ME designs for real bodies - sustainable fabrics, local production, and the kind of comfort you reach for every day. Store on Ben Yehuda 96.","https://static.wixstatic.com/media/86f77e_f6e859b02eb147d0b5847fd2a1e9ad92~mv2.jpg/v1/fill/w_441,h_589,al_c,q_80,usm_0.66_1.00_0.01,enc_avif,quality_auto/86f77e_f6e859b02eb147d0b5847fd2a1e9ad92~mv2.jpg",
Blueberry TLV,https://blueberrytlv.co.il/,"Artisan, Contemporary","A fresh Tel Aviv label with a playful, considered approach to everyday womenswear — vibrant, wearable, and distinctly local.",https://blueberrytlv.co.il/cdn/shop/files/WhatsAppImage2026-02-16at16.46.55.jpg?v=1771266050&width=700,
Hila Shemesh,https://hilashemesh.com/,"Artisan, Minimalist","Israeli womenswear with a careful, artisan-led approach — each piece considered, each season deliberate. Hila Shemesh designs for the woman who values craft over noise.",https://hilashemesh.com/cdn/shop/files/5_bda078fa-5477-4095-8394-4b9494d6a3bf.jpg?v=1747813836&width=713,
IDEE,https://idee.co.il/en,"Artisan, Minimalist","Israeli design rooted in idea — IDEE creates womenswear that lives in the space between structure and ease, with a clean, modern sensibility.",https://idee.co.il/cdn/shop/files/Unknown_26.jpg?v=1776154792&width=713,
Ugly Duckling TLV,https://gal-angel.com/,"Swimwear, Lingerie","A Tel Aviv fashion house born in summer 2008 — specialising in flattering women's swimwear with a retro-nostalgic spirit, plus lightweight, comfortable lingerie made and available year-round.",https://gal-angel.com/cdn/shop/files/DSC_2557_1024x1024.jpg?v=1724230686,
Dodo Bar Or,https://www.dodobaror.com/,"Luxury, Prints, Artisan","Tel Aviv's most internationally celebrated bohemian label. Dodo Bar Or's floral, feminine, and free-spirited collections are stocked at Net-a-Porter and Matchesfashion — a beloved name on the global luxury circuit.",https://dodobaror.online/cdn/shop/files/IMG_4272_b116de9f-4452-4602-8f02-5cc9f2c68a2a.jpg?v=1722861928&width=750,
Maskit,https://maskit.com/,"Artisan, Heritage, Luxury","Founded in 1954 by Ruth Dayan, Maskit is Israel's first and only haute couture house — preserving traditional crafts while dressing the world's most influential women. Revived in 2014 by Sharon Tal (Shenkar / LANVIN / Alexander McQueen), it now spans Haute, RTW, and a curated multi-artist shop.",https://maskit.com/cdn/shop/files/Maskit_11-03-26_3167.jpg?v=1773583176&width=1800,
Pioo Pioo,https://pioopioo.com/,"Artisan, Luxury, Prints","Founded in 2008 by Mor Valin (Shenkar), Pioo Pioo became an overnight phenomenon in Israeli fashion. Since 2020 every piece is made to order — you become a design partner in your own garment. Exclusive, creative, utterly original.",https://pioopioo.com/cdn/shop/files/IMG_1777_a6547564-0cac-4e5f-8707-cbb31f6e5171.jpg?v=1748971395&width=720,
Lazyeyeppl,https://lazyeyeppl.com,"Streetwear, Artisan","A Tel Aviv label with a distinctive editorial eye — considered, original Israeli fashion that refuses easy categorisation.",https://lazyeyeppl.com/cdn/shop/files/lazy_eye_8_2_26232840.jpg?v=1770804433,
Kedem Sasson,https://www.kedem-sasson.com,"Artisan, Luxury","Dramatic, sculptural Israeli womenswear — Kedem Sasson designs garments that command a room, with architectural precision and an unapologetic sense of theatre.",https://www.kedem-sasson.com/wp-content/uploads/2026/03/p47-pur.webp,
Kimka Studio,https://kimka-studio.com/,"Artisan, Sustainable, Heritage","Kim Dror's studio specialises in indigo-dyed clothing and textiles, informed by traditional Japanese mastery and global indigo cultures. Clothing, accessories, and home objects crafted in Haifa with radical care.",https://kimka-studio.com/cdn/shop/products/Kimka_-572_1024x1024.jpg?v=1644521255,
Lara Rosnovsky,https://www.lararosnovsky.com/,"Artisan, Prints, Swimwear","Kimono-inspired, colourful, and deeply feminine — Lara Rosnovsky's patterned loungewear and beachwear bring a romantic, painterly quality to the Israeli wardrobe.",https://cdn.shopify.com/s/files/1/0036/2083/1301/files/20240409_091330.jpg?v=1718518881,
Layou,https://layoudesign.com/,"Minimalist, Artisan","Size-inclusive Israeli womenswear built on oversize silhouettes, textured fabrics, and considered minimalism — designed for real wardrobes, real women, and the full spectrum of occasions.",https://layoudesign.com/cdn/shop/files/LAYOU7313102.jpg?v=1757712998&width=700,
Liah by Liat Raziel,https://www.liah-online.com/,"Artisan, Prints","Liat Raziel designs from a belief that fashion is both a necessity and self-expression. Liah pieces are comfortable, tactile, and joyful - women's wear that makes you feel exactly like yourself.",https://www.liah-online.com/cdn/shop/files/081A1393.jpg?v=1746905462&width=1445,
Macchia Studio,https://macchiastudio.com/,"Activewear, Sustainable, Artisan","Natural tie-dye, organic fabrics, and ethically produced activewear and loungewear - Macchia Studio blends an earthy, free-spirited aesthetic with a conscious approach to production.",https://macchiastudio.com/cdn/shop/files/SHP_2207_1100x.jpg?v=1768990914,
Madam Bubu,https://madambubu.com/,"Artisan, Minimalist","Relaxed, achromatic, and body-celebrating - Madam Bubu designs clothes that feel like they already know you. Generous sizing (38–46), premium fabrics, and an aesthetic rooted in personal honesty.",https://madambubu.com/wp-content/uploads/2025/10/MADAM_BUBU_1750-683x1024.jpg,
Jessa Grey,https://jessagrey.com/,"Minimalist, Artisan","Size-inclusive Israeli basics — oversized, comfortable, and endlessly versatile. Jessa Grey designs for the wardrobe foundation: the pieces you reach for every day without thinking.",https://jessagrey.com/cdn/shop/files/JESA_GREY_0020_2048x2048.jpg?v=1773505649,
Karen Mizrahi,https://karenmizrahi.co.il/,"Artisan, Luxury","Israeli womenswear for day and night — elegant, wearable, and considered. Karen Mizrahi designs with confidence and a deep understanding of the modern woman's wardrobe.",https://karenmizrahi.co.il/cdn/shop/files/karen59486.jpg?v=1763364640&width=3000,
Karen Shavit,https://karen-shavit.com/,"Prints, Artisan","Fun, colourful, and size-inclusive Israeli womenswear with a joyful, optimistic spirit. Karen Shavit designs for real women who want to be noticed — and to feel good doing it.",https://karen-shavit.com/cdn/shop/files/1_fa3d181f-42b0-4a6d-927a-5b535668b8f6_1285x1799.jpg?v=1757927964,
Gartenbanken Shoes,https://gartenbankshoes.com/,Accessories,"Israeli-designed women's shoes and sandals — considered, wearable, and crafted for the streets of Tel Aviv.",https://gartenbankshoes.com/cdn/shop/files/GARTEMBANK__0013_1200x.jpg?v=1685833826,
Kisim,https://kisim.com/he/,Accessories,"Bags, wallets, purses, and backpacks with a distinctive Israeli design sensibility — functional objects made beautiful.",https://kisim.com/wp-content/uploads/2025/05/%D7%9E%D7%AA%D7%A7%D7%A4%D7%9C-%D7%9B%D7%A4%D7%95%D7%9C-%D7%9C%D7%95%D7%A7%D7%91%D7%95%D7%A7-17.webp,
The Little Camel,https://thelittlecamel.co.il/,"Accessories, Artisan","Colourful, artsy wallets, purses, and accessories with a handcrafted Israeli soul — small objects with a big personality.",https://thelittlecamel.co.il/cdn/shop/files/424_1200x.jpg?v=1656921760,
Justine Hats,https://justinehats.com/,"Accessories, Artisan",Israeli millinery — handcrafted hats for every occasion and every mood.,https://justinehats.com/wp-content/uploads/2023/03/black-fashion-visor-ha-for-women-2.jpg,
Take a Nap,https://takeanap.co.il/,"Activewear, Minimalist","Soft, minimalist loungewear and homewear in beautifully textured fabrics designed for the sacred moments of rest.",https://takeanap.co.il/cdn/shop/files/2025_10_23_NAP14668.jpg?v=1761659855&width=700,
Shirly Halperin,https://www.shirlyhalperin.com/,"Artisan, Minimalist","Founded in 2004 on Zamnehoff Street, Tel Aviv — a small independent label grown into a unique clothing and lifestyle brand. Classical, clean-cut, simple, and comfortable clothes for women, and occasionally men and children.",https://images.squarespace-cdn.com/content/v1/5aa5328f0dbda33f405240b1/1721348790873-Y0YYX8ILAFGRQO3JIANK/8205F3A7-299C-4147-9A46-6908F9408B65.jpeg?format=750w,
Maayan Paz,https://maayanpaz.co.il/,"Minimalist, Artisan","Israeli womenswear since 2012 — minimalist lines, flattering cuts, and luxurious fabrics. Maayan Paz designs the effortlessly polished wardrobe: day-to-evening pieces made in Israel with uncompromising quality.",https://maayanpaz.co.il/cdn/shop/files/new_arrivals.jpg?v=1776327710&width=3200,
Kid A,https://thisiskida.com/,"Minimalist, Artisan, Prints",Size-inclusive basics and bold prints — Kid A is for the Israeli woman who believes in comfort as a political act.,https://thisiskida.com/wp-content/uploads/2024/05/kid-a-4.6.24-1705.jpg,
Haia,https://www.haia.co.il/,Artisan,"Contemporary Israeli womenswear with a considered, creative approach.",https://www.haia.co.il/cdn/shop/products/image_354a24a0-8109-415a-a29a-35704df586ab.jpg?v=1666088944,
Roni Bar,https://www.ronibar.com/,"Artisan, Minimalist","Wear Yourself - Roni Bar's Tel Aviv studio (84 Ben Zvi Rd) crafts womenswear that moves with its wearer. Clean silhouettes, quality fabrics, and a quiet confidence across tops, pants, dresses, and skirts.",https://www.ronibar.com/wp-content/uploads/2023/05/0t8a2110-scaled.jpeg,
Chopshop Corp,https://www.chopshop.co.il/,"Streetwear, Prints, Menswear","Unorganized. Unruly. Unmissable. Tel Aviv's cult street clothing brand with stores on Dizengoff, Bograshov, Sheinkin and Simtat Hashuk — graphic tees, wide-leg pants, merch, and a fanzine that keeps the culture alive.","https://static.wixstatic.com/media/64d6e6_971d8318d23a4d0e8d3c73cabf67a858~mv2.jpg/v1/fill/w_980,h_980,al_c,q_85,usm_0.66_1.00_0.01,enc_avif,quality_auto/64d6e6_971d8318d23a4d0e8d3c73cabf67a858~mv2.jpg",
Plazmalab,https://plazmalab.com/,"Streetwear, Prints, Activewear","An artist collective making psychedelic and urban tribe clothing - handmade in-house with a true passion for art. Trance-inspired prints, festival-ready hoodies, kimonos, pareos, and more. Abstract designs and wearable art from the lab.",https://cdn.modulus.co.il//plazmalab/www.plazmalab.com/images/GRID%20THEORY%20BROWN%20TD_0005_Layer%2084.jpg?width=1000&height=1200&mode=pad,
Pattern Streetwear,https://patternstreetwear.com/,"Streetwear, Prints",Streetwear rooted in bold pattern and graphic design - standout pieces for those who wear their personality on their sleeve.,https://patternstreetwear.com/cdn/shop/files/IMG_11504.jpg?v=1774988584&width=1400,
The Freeder,https://thefreeder.com/,"Streetwear, Activewear","Born from a dancer's borrowed basketball pants — baggy, practical, with big pockets. FREEDÉR blends 90s coolness with 21st-century finesse: sportswear that moves between the studio, the court, and the street. Live the team spirit. Move freely, lightly, boldly.",https://thefreeder.com/cdn/shop/files/3039c56673c093e5eeb0ba9bd74d58a7.png?v=1762510043,
Razili,https://www.razili.co.il/,"Artisan, Minimalist","Israeli womenswear with a clean, confident identity — considered design rooted in quality craftsmanship and an understated, elegant aesthetic.",https://www.razili.co.il/cdn/shop/files/razili14-8-9430.jpg?v=1723725390&width=1800,
TRES TLV,https://trestlv.com/,"Streetwear, Artisan, Jewelry","Tel Aviv contemporary label spanning T-shirts, denim, blazers, dresses, and jewellery. Two flagship stores on Ahad Haam and Neot Afeka - TRES has built a loyal community around clean, wearable Israeli design.",https://trestlv.com/cdn/shop/files/TRES9.3.2610788.jpg?v=1773160140&width=1080,
Hadas Mor,https://hadasmor.com/,"Lingerie, Swimwear","Breathing Lingerie — a thoughtful Israeli lingerie brand based in Pardes Hanna. Hadas Mor designs bras, bodysuits, swimwear, and underwear with a focus on comfort, femininity, and the kind of beauty that breathes.",https://hadasmor.com/cdn/shop/files/DSC07717.jpg?v=1769592226&width=5000,
SAAG,https://saag.co.il/,"Artisan, Streetwear, Accessories","Contemporary womenswear and accessories - tops, dresses, pants, skirts, and a strong accessories offering including hats, bags, and earrings. Fresh, approachable, and consistently on point.",https://saag.co.il/wp-content/uploads/2025/02/ttyg-82-scaled.jpg,
Tula,https://tula-tula.com/,"Artisan, Size Inclusive","Tula by Danielle Maoz, everyday womenswear, relaxed silhouettes, great pants, and a seasonal optimism. Designed and produced in Israel from Emek Hefer.",https://tula-tula.com/cdn/shop/files/spring_26_cover_1280x.jpg?v=1774461209,
Inhale Exhale,https://www.inhaleexhale.co.il/,"Sustainable, Artisan, Activewear","Israel's first yoga muslin blanket — soft, natural, breathable. Inhale Exhale creates yoga blankets, shawls, pareos, and T-shirts printed with original illustrations by Israeli women artists. Designed and made in Israel with ecological printing technology.","https://static.wixstatic.com/media/2bd9a3_d0c79b8b3abe43dbb0661bb2a0d42769~mv2.jpg/v1/fill/w_640,h_360,al_c,q_80,usm_0.66_1.00_0.01,enc_avif,quality_auto/2bd9a3_d0c79b8b3abe43dbb0661bb2a0d42769~mv2.jpg",
Ripple Yoga Wear,https://rippleyogawear.com/,"Activewear, Sustainable, Minimalist","Yoga and movement wear designed for flow - soft, breathable fabrics in calm, considered palettes for studio and everyday.",https://rippleyogawear.com/cdn/shop/files/IMG_4231_2048x.jpg?v=1707993718,
Miss Nori,https://missnori.com/,"Artisan, Minimalist","Easy, wearable pieces with a soft, feminine sensibility and considered everyday silhouettes.",https://missnori.com/cdn/shop/files/2025_01_21-MN46178.jpg?v=1769020710&width=1800,
Vered Grebelsky,https://www.veredgrebelsky.com/,"Slow Fashion, Functional","Slow-fashion womenswear made in Israel - functional pieces meant to live in a wardrobe for years. Fabric folds, hand embroidery, versatile cuts that wear multiple ways, and a generous size range.",https://www.veredgrebelsky.com/cdn/shop/files/IMG_0214-Edit_1800x1800.jpg?v=1711366715,
Nataly Shevilly,https://natalyshevilly.co.il/,"Artisan, Luxury","Designer label by Nataly Shevilly - elegant, occasion-ready pieces with a feminine, considered hand.",https://natalyshevilly.co.il/wp-content/uploads/2026/05/372103-1.jpg,
Dorit Sade,https://www.doritsade.com/,Artisan,Israeli womenswear with quiet originality — Dorit Sade designs for women who dress with intention and wear their clothes on their own terms.,https://encrypted-tbn0.gstatic.com/images?q=tbn:ANd9GcR1dJoT9yJ3g_pCnpMe1TO8udfM6LgLGPN6Dg&s,
Gelada,https://flygelada.com/,"Artisan, Minimalist",Cool tshirt prints and more,https://scontent.ftlv5-1.fna.fbcdn.net/v/t1.6435-9/38085937_1922703217794266_150900205611384832_n.jpg?_nc_cat=111&ccb=1-7&_nc_sid=13d280&_nc_ohc=GnG3t3iFYgUQ7kNvwE_KNPv&_nc_oc=AdpuGWPHTGsn6pV9zQN_D9eDzMV7EMhuGJNNJyNjUStvDXXd_1jL2ydKtFSi3CVQE4z8ffa5wYdNPefpg0K2SjZj&_nc_zt=23&_nc_ht=scontent.ftlv5-1.fna&_nc_gid=cV9Djk6wPC1iZZQlsjoplA&_nc_ss=7b2a8&oh=00_Af5G4S6seNH6oJYOIGRBqpq-U8EfMvQkDm9xCGrE8jz2rA&oe=6A2554CF,
Con.fail,https://www.con.fail/,"Streetwear, Artisan","Israeli label working in a streetwear-meets-conceptual register — playful, slightly off-kilter pieces that break the rules on purpose. (by Claude)",https://images.squarespace-cdn.com/content/v1/6348fddd5b3c37055ef9a9ca/c529e4f3-f172-4a11-b57a-665d9586178b/DR_02.jpg?format=750w,
Maya Negri,https://mayanegri.com/,"Artisan, Minimalist","Israeli womenswear designer creating soft, considered silhouettes with a quiet, contemporary hand.",https://mayanegri.com/cdn/shop/files/E1B4B2FD-5361-4EDA-92B0-57833D1F48EE_1350x1800.jpg?v=1776700300,
Mishi,https://mishi.style/,"Artisan, Minimalist","Israeli label Mishi - easy, considered everyday pieces with a clean, modern silhouette. (by Claude)",https://mishi.style/cdn/shop/files/WhatsAppImage2026-04-28at19.38.54_5_1800x1800.jpg?v=1777406798,
Nina by Mili,https://www.ninabymili.com/,"Artisan, Minimalist","Soft, feminine sensibility and contemporary tailoring.",https://www.ninabymili.com/cdn/shop/files/Untitled_800x1200px_800x1200px_23.jpg?v=1773861711,
Keren Wolf,https://kerenwolf.co.il/,"Accessories, Artisan","Keren Wolf — Israeli accessories label known for handcrafted bags and shoes with a sculptural, contemporary point of view.",https://kerenwolf.co.il/cdn/shop/files/KW_1800_800_copy_5_3ba06fac-fc81-4cf8-9df3-29b7d539250e_2000x.jpg?v=1765453226,
Ustabelle,https://ustabelle.co.il/,"Knitwear, Minimalist, Luxury","Founded in 2016 as a children's label, Ustabelle expanded into womenswear in 2023 — premium denim, cashmere blends, and timeless tailored basics, with custom-dyed fabrics that go through two rounds of quality control before reaching your wardrobe.",https://ustabelle.co.il/cdn/shop/files/0014--ustabelle-15-03-261.jpg?v=1773655306&width=1667,
Gottex,https://gottex.co.il/,"Swimwear, Heritage, Luxury","Israel's most iconic swimwear house since 1956 — Gottex dressed Hollywood and royalty long before the country had a fashion industry. Today: full collections from Turkiz to Flirtt, plus modest, plus-size, and cover-up lines.",https://gottex.co.il/cdn/shop/files/GOTTEXlookbook1190_720x.jpg?v=1778070249,
Neta Efrati,https://netaefrati.com/,"Luxury, Artisan","Evening-wear designer with a flagship on Dizengoff Square - Neta Efrati specializes in occasion dresses, jumpsuits, and tailored suits with a precise, considered hand. The Israeli wardrobe for prom, bride and beyond.",https://netaefrati.com/cdn/shop/files/2Q6A8065.jpg?v=1774444165&width=1600,
Raven,https://raven.co.il/,"Activewear, Comfortable",Built to flatter the female body and stay comfortable from gym to street to office. Raven closes the gap between the studio mirror and real life — clothes that feel just as good walking out the door as they did when you tried them on.,https://raven.co.il/cdn/shop/files/GenerativeFill_5e458c74-74b4-4104-8295-2377876a0dd4.jpg?v=1755092364&width=600,
Sheron Designs,https://www.sherondesigns.com/,"Artisan, Luxury","Sculptural, boho festival design from Sheron - pieces that move between art and apparel.",https://www.sherondesigns.com/cdn/shop/files/Untitleddesign-2024-01-18T144603.419_9d6ae016-8de5-41af-a5ad-ab5d75d2a81b.jpg?v=1748861511&width=600,
Ayoola,https://ayoola.co.il/,"Artisan, Minimalist","Israeli womenswear with a soft, contemporary sensibility — Ayoola designs everyday pieces with thoughtful proportion and a quiet confidence.",https://ayoola.co.il/cdn/shop/files/DSC_2682.jpg?v=1744199730&width=1800,
OZ Capsule,https://ozcapsule.com/,"Minimalist, Sustainable","A capsule-wardrobe philosophy - OZ Capsule builds tightly edited collections of considered essentials, made to last across seasons. (by Claude)",https://ozcapsule.com/cdn/shop/files/lin-643863.jpg?v=1730735611&width=4096,
Yodfat,https://yodfat.shop/,"Artisan, Minimalist","At the entrance to Yodfat in the Galilee, set among oak trees with breathtaking views. Founded by Michal Ezroni and Aviv Galon, curates an exclusive edit of designed colorful socks, and selected brands clothing",https://yodfat.shop/wp-content/uploads/2026/03/4G8A9624.jpg,
Toppatsu,https://toppatsu.co.il/,"Streetwear, Prints, Artisan","Playful, graphic Israeli design with a Japanese-leaning sensibility - Toppatsu makes the kind of pieces you reach for when you want to feel a little more yourself.",https://toppatsu.co.il/cdn/shop/files/tupatzu_18-365423.jpg?v=1774848018&width=840,
Shahar Avnet,https://shahar-avnet.com/,"Luxury, Artisan, Prints","Couture-leaning designer Shahar Avnet - known internationally for tulle, hand-painting, and dreamlike eveningwear that blurs costume, art, and fashion. Worn by Beyoncé, Lady Gaga, and Lizzo.",https://cdn.shopify.com/s/files/1/0695/8255/3190/files/s.a_336_1200x.jpg?v=1776669153&width=700&format=webp,
Assemble,https://assembleofficial.com/,"Streetwear, Minimalist","Contemporary Israeli streetwear with a tightly considered aesthetic — Assemble designs garments that read clean, modern, and distinctly local.",https://assembleofficial.com/cdn/shop/files/Assemble_pleated_polo_t-shirt_front_2048x2048.jpg?v=1769523893,
Barbatana,https://barbatana.shop/,"Streetwear, Prints","Israeli streetwear label trading in cheeky local humor — Barbatana's tees lean on Hebrew puns, in-jokes, and a distinctly Israeli sense of mischief.",https://barbatana.shop/cdn/shop/files/DSCF9840-14.jpg?v=1756055492&width=1680,
Bewear,https://bewear.co.il/,"Activewear, Minimalist","Israeli dancewear brand built around the idea that once you're a dancer, you're a dancer forever. Bewear designs for the studio and beyond — advanced performance fabrics and considered cuts engineered to enhance the dance experience while flattering your presence on stage and off.",https://bewear.co.il/cdn/shop/files/bwear39054.jpg?v=1758026451&width=4096,
Bring Wear,https://bringwear.co.il/,"Streetwear, Minimalist","Israeli unisex everyday wear with a relaxed, contemporary sensibility — Bring Wear builds pieces meant to travel from morning to night without changing. (by Claude)",https://bringwear.co.il/cdn/shop/files/GAV_GREEN_1.jpg?v=1778080854&width=600,
Bazz and Lutra,https://bazzandlutra.com/,"Artisan, Prints","A whimsical Israeli design duo — Bazz and Lutra make playful, pattern-rich pieces with a strong creative voice and a sense of mischief.",https://bazzandlutra.com/cdn/shop/files/Bazz14.111367.jpg?v=1769451140&width=2048,
House of Shine,https://www.houseofshine.co.il/,"Luxury, Artisan, Prints","House of Shine — Israeli occasion-wear with shimmer, sequins, and statement silhouettes for the nights you want to be seen.",https://www.houseofshine.co.il/cdn/shop/files/hous10.254716.jpg?v=1771166670&width=1080,
Sugar & Spice TLV,https://sugarandspicetlv.com/,"Streetwear, Artisan",Tel Aviv-based label with a sweet-meets-sharp edge — Sugar & Spice TLV designs for the woman who plays with contrast.,https://sugarandspicetlv.com/cdn/shop/files/99BEBA23-025B-48B0-85E8-67990FFB6A43.jpg?v=1774265435&width=1780,
Studio Oh Design,https://studioohdesign.com/,"Artisan, Minimalist","An Israeli design studio working at the intersection of considered womenswear and craft-led production — clean lines, quality fabrics, and a calm sensibility.",https://studioohdesign.com/cdn/shop/files/BlackCoalGemStud05_5000x.jpg?v=1771069545,
Magia,https://www.magiaworldwide.com/,"Streetwear, Edgy","Tshirts, prints, creative edgy designed tshirts and more","https://static.wixstatic.com/media/f13a3b_91da0431ed974124bbbb90ad8d516f86~mv2.png/v1/fill/w_898,h_1348,al_c,usm_0.66_1.00_0.01/f13a3b_91da0431ed974124bbbb90ad8d516f86~mv2.png",
Uniform Apparel,https://shopuniformapparel.com/,"Sustainable, Minimalist","100% natural fabrics. No synthetics, ever. Founded 2019 between California and Tel Aviv as a reaction to the plastic in fast fashion - a capsule wardrobe of cotton, linen, silk, and wool basics meant to be mixed, matched, and worn for years.",https://shopuniformapparel.com/cdn/shop/files/retroextra.jpg?v=1776777380&width=3000,
Ulla,https://ulla.co.il/,"Comfortable, Size Inclusive","Comfortable, practical basics - no chasing trends, no seasons. Clean cuts shaped for the female body across a generous size range (38–48), designed around how the piece will actually wear. The goal: you feel good in it.",https://ulla.co.il/wp-content/uploads/images/3c64da34-d0f6-11f0-878c-6e119a947c39-scaled.jpg,
Jin-G,https://jin-g.co.il/,"Streetwear, Artisan","Jin-G — Israeli contemporary label working in a relaxed streetwear register with a considered, design-forward eye.",https://jin-g.co.il/cdn/shop/files/JINGspTEESchn_0026_4W7A7449.jpg?v=1777362978&width=1600,
Luka Chari,https://lukachari.co.il/,"Menswear, Minimalist","Israeli men's basics, born from a search for clothes that feel truly right. Founded by a former special-forces officer turned businessman, Luka Chari makes comfortable, precise everyday pieces you don't have to think about, built for morning, evening, and Israeli life in between.",https://lukachari.co.il/cdn/shop/files/3-black-7.jpg?v=1775543564&width=2000,
Subtle Body,https://subtlebody.store/,"Conceptual, Minimalist, Artisan","A practice shaped to evoke unique states of mind, drawing from imagined utopian futures. Each concept is its own self-contained category - a mental, physical, or emotional experience with its own visual line and philosophy.",https://subtlebody.store/cdn/shop/files/IWJ_4.jpg?v=1744636097&width=713,
Saisei,https://wearesaisei.co.il/,"Sustainable, Artisan, Minimalist","Saisei - meaning rebirth in Japanese - label rooted in regeneration: considered fabrics, mindful production, and clothes designed to be lived in for years.",https://wearesaisei.co.il/cdn/shop/collections/Untitled_design_-_2026-04-15T125340.527.jpg?v=1776677846&width=1800,
Zikger,https://zikger.co.il/,"Artisan, Minimalist","Israeli womenswear label Zikger — considered, contemporary pieces with a calm, design-led sensibility.",https://zikger.co.il/cdn/shop/files/DSC06454.jpg?v=1754045837&width=1800,
Orly Yaron,https://www.instagram.com/orlyyaron/,"Artisan, Minimalist","Designer Orly Yaron's eponymous Israeli label — independent womenswear with a personal, considered point of view.",,
Yael Orgad,https://yaelorgad.co.il/en,"Artisan, Minimalist","Designer Yael Orgad's eponymous Israeli label — considered womenswear with a careful, contemporary point of view.",https://yaelorgad.co.il/cdn/shop/files/YaelOrgad28042642576.jpg?v=1777553479&width=1445,
Cottna,https://www.cottna.co.il/,"Lingerie, Sustainable","Israeli period and everyday underwear in soft cotton — Cottna designs reusable, leak-proof basics built for comfort, sustainability, and real life.",https://cdn.cashcow.co.il/images/3cd39d89-4b3c-4447-8fb3-e65cfe6aae7c.webp,
Slimz,https://slimz.co.il/,"Minimalist, Activewear","Shapewear and second-skin essentials - Slimz designs sleek, sculpting basics built to layer invisibly under everything.",https://slimz.co.il/cdn/shop/files/SLIMZ15.12-0502.webp?v=1766504477&width=1200,
Vague Black,https://vagueblack.com/,"Minimalist, Bold","Founded 2016 by Anuk Yosebashvili and Yaron Shmerkin. Genderless, seasonless, and almost exclusively black — bold silhouettes and functional details that refuse the cycles of fashion. Defined by the lack of definition.",https://vagueblack.com/cdn/shop/files/DSC08262_840x.jpg?v=1775382787,
House of Jaffa,https://www.houseofjaffa.shop/,"Artisan, Luxury","House of Jaffa — considered Israeli fashion with a refined, design-led point of view, rooted in the spirit of its namesake city.","https://static.wixstatic.com/media/af21f5_85b08493ece34488a72b1a8d3ad795d6~mv2.jpg/v1/fill/w_280,h_420,al_c,q_80,usm_0.66_1.00_0.01,enc_avif,quality_auto/af21f5_85b08493ece34488a72b1a8d3ad795d6~mv2.jpg",
Made by Har,https://madebyhar.com/,"Artisan, Minimalist","Independent Israeli label by designer Har — small-batch womenswear made with care, with a quiet, contemporary hand.",https://madebyhar.com/cdn/shop/files/8_f87665d8-f743-40c3-802a-e4826c629b3c.jpg?v=1748957887,
Petit Pois Studio,https://petitpoistudio.co.il/,"Artisan, Minimalist","A small design studio with a soft, considered aesthetic - Petit Pois makes thoughtful pieces in limited runs.",https://petitpoistudio.co.il/cdn/shop/files/IMG_5873_400x.progressive.jpg?v=1770395465,
Doron Ashkenazi,https://doronashkenazi.com/,"Artisan, Luxury","Designer Doron Ashkenazi's eponymous Israeli label — considered, refined womenswear with a sharp eye for proportion and finish.",https://doronashkenazi.com/cdn/shop/files/6dfc27bdfd82f9cb8822adeb14b9a36a_960x_crop_center.jpg?v=1777290704,
Tal Maslavi,https://talmaslavi.com/,"Jewelry, Artisan","Designer Tal Maslavi's Israeli jewelry house - fine, sculptural pieces designed to feel at once contemporary and heirloom.",https://talmaslavi.com/cdn/shop/files/TalMaslavi_Jewels12197_R.jpg?v=1742834122&width=1680,
Mishimono,https://mishimono.com/,"Artisan, Minimalist","Israeli womenswear with a Japanese-inflected sensibility. Mishimono works in considered silhouettes, soft layering, and a quiet, modern hand.",https://mishimono.com/wp-content/uploads/2025/12/2-11-683x1024.jpg,
7 Generations,https://7generations.co.il/,"Sustainable, Artisan","Israeli label thinking past the season — designs made to last seven generations, with an emphasis on natural materials, slow craft, and quiet endurance. (by Claude)",https://media.easy.co.il/images/UserPics/25975726_1639392378612.jpeg,
Myki Boutique,https://mykiboutique.com/,"Minimalist, Artisan",A small boutique label - understated everyday pieces designed for soft layering and easy living.,https://mykiboutique.com/cdn/shop/files/2026_04_MYKI0704.jpg?v=1777562725&width=1200,
Studio Noa,https://www.studio-noa.co.il/,"Artisan, Minimalist","Independent Israeli studio working in clean, considered silhouettes — quietly modern womenswear made in small batches. (by Claude)",https://www.studio-noa.co.il/wp-content/uploads/2026/04/noa22993-2.webp,
Pasiim,https://pasiim.com/,"Artisan, Prints","Textured fabrics, hand-finishes and a playful but grounded approach to print and pattern.",https://pasiim.com/wp-content/uploads/2025/10/A9763984-4692-4998-8EBF-6BBB1C76C82E.webp,
Ofnat Bracha,https://www.ofnatbracha.com/,"Artisan, Young",Designer Ofnat Bracha young and fun,"https://static.wixstatic.com/media/4b4a4f_f44205f059c24c188bf54c58b42f0f02~mv2.jpg/v1/fill/w_1012,h_1348,al_c,q_85,usm_0.66_1.00_0.01/4b4a4f_f44205f059c24c188bf54c58b42f0f02~mv2.jpg",
Jul Fashion,https://julfashion.com/,"Minimalist, Artisan","Independent Israeli womenswear — modern, wearable pieces designed for layering and long use.",https://julfashion.com/cdn/shop/files/hedra-image-f09afe65-8d7e-4af2-aecb-7f2c24bcfb02.png?v=1777613665&width=1200,
Zucker Studio,https://zuckerstudio.com/,"Artisan, Minimalist","Foundational basics for the modern urban wardrobe — timeless, seasonless, and indifferent to trends. Quality fabrics, precise cuts, an eternal palette. Built to last, priced to wear.",https://zuckerstudio.com/cdn/shop/files/ZUCKER64258.jpg?v=1778058415&width=1200,
Hosh Studio,https://hosh-studio.com/,"Artisan, Minimalist","Children's clothing studio by Noy Shapira - vintage-inspired, shaped by everyday life as a mother. Bold color, ease, and a non-gendered approach. The collection is designed as a whole so kids can mix freely and make their own choices. Name from hoshi (Japanese: star) and hosh (Arabic slang: something good).",https://hosh-studio.com/cdn/shop/files/hosh-garden-tee-cauliflower-print-detail.jpg?v=1776764854&width=600,
Toda & Co,https://todaxco.com/,"Prints, Streetwear, Bold","TODA - Hebrew for 'thank you' - plays the in-between. Punk and graffiti energy on one side, Biblical scenes and scripture on the other. Oversized prints, words you can't ignore, Jewish symbols at scale. Clothes that wear the experience of being different out loud, instead of hiding it.",https://todaxco.com/cdn/shop/files/IMG_8522.jpg?v=1774464087&width=1080,
Frau Blau,https://www.fraublau.haus/,"Artisan, Prints, Luxury","Tel Aviv label by designer Helena Blaunstein — maximalist Israeli womenswear with a strong sense of print, color, and storytelling.","https://static.wixstatic.com/media/e536cf_4a0ef56c7a09427382f4a980a21f3a40~mv2.png/v1/fill/w_1200,h_1600,q_90,enc_avif,quality_auto/e536cf_4a0ef56c7a09427382f4a980a21f3a40~mv2.png",
Kianne Frankfurt,https://kiannefrankfurt.com/,"Artisan, Luxury","Designer Kianne Frankfurt — Israeli womenswear with a refined, considered hand and a focus on craft and material.",https://kiannefrankfurt.com/wp-content/uploads/2026/02/Kianne_Zohara-2-40-copy-min-scaled-1.jpg,
OT Couture,https://ot-couture.com/,"Couture, Artisan, Prints","Sometimes a single letter tells the whole story. OT Couture — Hebrew for 'Letter Couture' — sits at the intersection of fashion, design, and typography. Each piece carries a designed letter that turns it into something personal: which version of yourself are you bringing into the room?",https://ot-couture.com/cdn/shop/files/yellow_dre.jpg?v=1741270205&width=1200,
Reggie Studio,https://reggiestudio.com/,"Artisan, Jewelry", (by Claude),,
Bow M,https://bow-m.com/,"Artisan, Minimalist","Israeli label working in considered, modern silhouettes — quiet pieces with a careful hand. (by Claude)",https://bow-m.com/cdn/shop/files/bow.m-18.5.25-0656.jpg?v=1752833554&width=1100,
White Nilus,https://www.white-nilus.com/,"Artisan, Minimalist","Born from a deep connection to nature and raw materials - timeless jewelry in silver, gold and natural stones, made to pass from generation to generation. Quality first, so pieces last for years. Jewelry as applied art - an object that encourages people to express their personality.","https://static.wixstatic.com/media/7a7e94_1ce2b8fb2c96457aabe4ddb0e458d1e0~mv2.jpg/v1/fill/w_693,h_420,al_c,q_80,usm_0.66_1.00_0.01,enc_avif,quality_auto/7a7e94_1ce2b8fb2c96457aabe4ddb0e458d1e0~mv2.jpg",
Kaisra Design,https://www.kaisradesign.com/,"Artisan, Luxury","Born from the search for a precise balance - garments that feel like a second skin, wrapping and exact, letting you project presence effortlessly. Designed by listening deeply to the female body and its movement. No passing seasons - timeless pieces inspired by the past and built for whatever's next, with fine materials and uncompromising finish.","https://static.wixstatic.com/media/50fd66_52b38d9314a841e688b2212f658fd9a8~mv2.jpg/v1/fill/w_702,h_1053,al_c,q_85,usm_0.66_1.00_0.01,enc_avif,quality_auto/50fd66_52b38d9314a841e688b2212f658fd9a8~mv2.jpg",
Tetra Jewelry,https://www.tetrajewelry.com/,"Jewelry, Artisan","Handmade unisex silver jewelry by Guy Schwartz - original, wild, asymmetrical pieces born from inner inspiration and observation of the environment. Each piece is unique, produced as a limited series, blending roughness and softness, masculine and feminine, into one composition.","https://static.wixstatic.com/media/e088d3_b9e8afb5d6714a48921326751d83d781~mv2.jpg/v1/crop/x_0,y_371,w_5504,h_7514/fill/w_536,h_713,al_c,q_85,usm_0.66_1.00_0.01,enc_avif,quality_auto/IMG_4257%20-%20resize%20.jpg",
Halel,https://www.halel.online/,"Artisan, Minimalist","Small Israeli label - thoughtfully made everyday pieces with a quiet, modern hand.",https://www.halel.online/wp-content/uploads/2026/03/IMG_1460.jpeg,
Jollori,https://www.jollori.com/,"Artisan, Prints","Independent Israeli studio - playful, considered pieces with an artistic sensibility. (by Claude)","https://static.wixstatic.com/media/8a7b44_a3771544856d4ae790bf23af433a7b72~mv2.jpg/v1/fill/w_1905,h_964,al_c,q_85,usm_0.66_1.00_0.01,enc_avif,quality_auto/8a7b44_a3771544856d4ae790bf23af433a7b72~mv2.jpg",
All At Once,https://allatonce.store/,"Artisan, Minimalist","Israeli label - small-batch womenswear with a quiet, considered point of view. (by Claude)",https://allatonce.store/cdn/shop/files/DSCF6566.png?v=1774872993&width=5000,
Lika Swimwear,https://likaswimwear.com/,"Swimwear, Artisan","Israeli swimwear designed for real bodies and Mediterranean summers - flattering cuts, modern silhouettes.",https://likaswimwear.com/cdn/shop/files/3B782E70-6D19-4B5D-879F-5AA33DCA9462.jpg?v=1736693082&width=1800,
Banan Hot,https://bananhot.co.il/,"Young, Bold","Playful Israeli label - bold prints, bright colors, and pieces with a sense of humor.",https://sfycdn.speedsize.com/79593a76-198a-492d-847e-c6b8f5e0b562/bananhot.co.il/cdn/shop/files/3114_3Z5A5976.jpg?v=1774183873&width=990,
101 Brand Jeans,https://101brandjeans.com/,"Denim, Casual","Israeli denim label - everyday jeans designed for fit, comfort, and a clean, modern silhouette.",https://101brandjeans.com/cdn/shop/files/101JEANS312714.jpg?v=1777189993&width=980,
2sis,https://2sis.co.il/,"Artisan, Minimalist","Israeli womenswear by two sisters - small-batch pieces with a clean, contemporary hand.",https://2sis.co.il/cdn/shop/files/IMG_7739.heic?v=1768385260&width=533,
Rosery Jewelry,https://roseryjewelry.com/,"Jewelry, Artisan","Handcrafted Israeli jewelry - delicate, considered pieces designed for everyday wear. (by Claude)",https://roseryjewelry.com/cdn/shop/files/662E8363-A6B8-4633-BCF9-F2C1B9876F46.jpg?v=1759244090&width=800,
Omer Ash,https://omerash.com/,"Artisan, Minimalist","Founded in 2022 in Atlit by Omer Ash at 18, a self-taught designer who learned sewing and pattern-making at home. Every collection is handcrafted from quality raw materials, drawing on personal moments and childhood memories. Made in Israel start to finish. Physical store: 'Fabric To Die In', Shenkin 13, Tel Aviv.",https://omerash.com/cdn/shop/files/bl1.png?v=1776957974,
Bein Lebein,https://www.beinlebein.com/,"Artisan, Minimalist","Bein Lebein by Nadav Dror — a multidisciplinary Israeli label built around hand-screenprinted cotton, heavy-weight natural fabrics (200-400gsm) and small-batch local production. Made to speak in 'our language,' rooting fashion in Israeli culture rather than borrowing from elsewhere.","https://static.wixstatic.com/media/d9dc5f_02f796278a7a48109f869e50afa010de~mv2.jpg/v1/fill/w_600,h_750,al_c,q_85,usm_0.66_1.00_0.01,enc_avif,quality_auto/BeinLeBein17_09_250697.jpg",
Andro Lomusia,https://androlomusia.com/,"Artisan, Conceptual","Established in 2021 and rooted in personal struggle and pain, Androlomusia reflects and reacts to the industry, societal norms, and current world events — building something new with no biases attached. Cut-and-sewn pieces, constructed from the ground up and often purposely damaged by hand.",https://cdn.shopify.com/s/files/1/0505/8763/1772/files/about_page.png?v=1771373947,
Jetski Fashion,https://jetskifashion.com/,"Streetwear, Bold","Born from a deep desire to encourage people to embrace their uniqueness. Innovative, colorful designs that bridge physical and digital, nostalgia and the future, nightlife and everyday wear. Inclusive across body types, genders, and cultures - fashion as a tool for self-expression. (by Claude)",assets/jetski.png,
Sdom TLV,https://sdomtlv.com/,"Streetwear, Bold","Tel Aviv streetwear by artist and designer Stav Greenhouse - illustration, graphic design and contemporary street culture woven into one visual language. Each piece begins with a real story from the city: its energy, contradictions, coastline and nightlife, drawn by hand and built to be lived in.",https://sdomtlv.com/cdn/shop/files/Tezza-9958_f7801b22-4a45-4b99-8e9b-c7400c7d7085.jpg?v=1763571906&width=2000,
Nine to Five TLV,https://ninetofivetlv.com/,"Accessories, Minimalist","Tel Aviv eyewear born from a small dream - making stylish, quality frames accessible at every price point. What started as one shop has grown into a curated home for trend-forward, considered eyewear with no compromise on quality, comfort, or design.",https://ninetofivetlv.com/wp-content/uploads/2024/07/%D7%A8%D7%99%D7%955-681x1024.jpg,
Ori Tamir,https://www.oritamir.com/,"Jewelry, Artisan","Self-taught silversmith Ori Tamir works in 925 silver, without molds - each piece treated as its own object with its own respect. Every piece ships with an accompanying text: a kind of diary of feelings and experiences, with creating as the way to release them.",https://www.oritamir.com/wp-content/uploads/2026/05/IMG_2534-2.jpg,
Maim Jewelry,https://www.maimjewelry.com/,"Jewelry, Artisan","Israeli jewelry studio - delicate, considered pieces inspired by water and natural form.","https://static.wixstatic.com/media/8ab69b_d6ba6150cb5a4024be02d8235c845532~mv2.jpeg/v1/fill/w_1905,h_854,al_c,q_85,usm_0.66_1.00_0.01,enc_avif,quality_auto/8ab69b_d6ba6150cb5a4024be02d8235c845532~mv2.jpeg",
Hagomels,https://hagomels.com/,"Artisan, Minimalist","Independent Israeli label - small-batch, considered pieces with a quiet, modern hand. (by Claude)",https://hagomels.com/cdn/shop/files/DSC09420-2_d3299fed-1a32-41ab-99af-f00102da1425.png?v=1777056946,
Fly Rooster,https://www.flyrooster.co.il/,"Streetwear, Bold","Israeli streetwear with attitude - graphic-led pieces and a confident, contemporary point of view.",https://www.flyrooster.co.il/wp-content/uploads/2025/11/SHE_4359.jpg,
Hagar Satat,https://www.hagar-satat.com/,"Artisan, Luxury","Israeli designer Hagar Satat - considered, sculptural womenswear with a refined, modern hand.",https://www.hagar-satat.com/wp-content/uploads/2024/06/%D7%A2%D7%92%D7%99%D7%9C-%D7%A7%D7%9C%D7%A3-%D7%90%D7%94%D7%91%D7%94-%D7%96%D7%94%D7%91-%D7%90%D7%93%D7%95%D7%9D%D7%9D-scaled.jpg,
Mystified Labor,https://mystifiedlabor.com/,"Artisan, Conceptual","Conceptual Israeli label - pieces that turn process into form, working at the edge of fashion and art.",,
Cor-e,https://www.cor-e.co.il/,"Artisan, Minimalist","Israeli womenswear - clean, considered silhouettes designed for soft layering and easy wear.","https://static.wixstatic.com/media/5a49ac_7a73b811c26945569987abf5954a1394~mv2.jpg/v1/fill/w_600,h_750,al_c,q_85,usm_0.66_1.00_0.01,enc_avif,quality_auto/5a49ac_7a73b811c26945569987abf5954a1394~mv2.jpg",
Semek Studio,https://semekstudio.com/,"Artisan, Conceptual","A place for those who still believe in love, and for those who gave up on it. SEMEK was born from a song the founder wrote after her first heartbreak - the line 'there's no logic in love' became the first collection, then a community. Sculptural, emotional, handmade.",https://semekstudio.com/cdn/shop/files/A7614D0E-44DB-4632-B7B2-0D14C7C11225.jpg?v=1760401718&width=3840,
Eladan,https://www.eladan.co.il/,"Artisan, Minimalist",Israeli label - thoughtful everyday pieces made with care and a contemporary hand. (by Claude),https://www.eladan.co.il/cdn/shop/files/0A5A7011.jpg?v=1769112276&width=1800,
Shuzi Jewelry,https://www.shuzi-jewelry.com/,"Jewelry, Artisan","Designed and handcrafted in Israel by Sharon Gendelman - fresh, unique pieces inspired by Mediterranean culture and the sea. Sterling silver, gold, pearls and seashells, always chic and easy to layer.","https://static.wixstatic.com/media/dd35a4_5e686b4f0288480b80e861b11f0af20b~mv2.jpg/v1/fill/w_302,h_501,al_c,q_80,usm_0.66_1.00_0.01,enc_avif,quality_auto/dd35a4_5e686b4f0288480b80e861b11f0af20b~mv2.jpg",
Haptic Path,https://shop.hapticpath.com/,"Artisan, Conceptual","Israeli studio working at the intersection of craft, material, and form - tactile, considered objects. (by Claude)",https://shop.hapticpath.com/cdn/shop/products/Haptic_Path_1-1889_1024x1024@2x.jpg?v=1592575672,
Yoske,https://www.wearyourheart-yoske.com/,"Accessories, Artisan","Designed by Dorin Cohen Nissan in memory of her grandfather Yoske. A connection to nature, family and roots - a brand built around stories, moving experiences, and meetings of hearts. Not streetwear, not ready-to-wear: 'life wear,' a brand of life.","https://static.wixstatic.com/media/f0d83a_ae2cfe088a5c48f28d9616e9092ae22f~mv2.jpg/v1/fill/w_463,h_694,al_c,q_85,usm_0.66_1.00_0.01/f0d83a_ae2cfe088a5c48f28d9616e9092ae22f~mv2.jpg",